T²/4π²,δ(T²/4π²),I/MD,δ(I/MD)
0.04148700990406421,4.7152366771681785e-06,0.045283216941781806,0.0002309367832998996
0.026894539595624767,9.405658388341879e-07,0.12237824937226137,0.0027292684188475066
0.035137782669014093,7.674267015171305e-07,0.30861929445191,0.002945873229283926
0.05124775311866368,7.26034112613376e-07,0.5075481611685717,0.0030383324442408016
0.03014872497829023,1.4449511429275391e-06,0.12524201518587766,0.0025943951043907215
0.032079570333359106,8.20312999970826e-07,0.2212544731169634,0.0027992221976310652
0.02801255235883334,4.843215380490302e-06,0.21770282015777023,0.0030320755810530472
0.03900506549923639,3.2238588711129245e-06,0.3654015209468815,0.003242241950509919
0.037215267656687416,1.3645774398704702e-06,0.3465267265221632,0.0032197134257435185
