T²/4π²,δ(T²/4π²),I/MD,δ(I/MD)
0.04148700990406421,4.715236677168178e-06,0.40456732194730477,0.0012466647560877872
0.026894539595624756,9.405658388341877e-07,0.26283661083802123,0.0015709089813553778
0.03513778266901412,7.674267015171309e-07,0.3436135465714898,0.0016792331688156492
0.05124775311866368,7.26034112613376e-07,0.49854320648705536,0.0018170485372828679
0.03014872497829023,1.4449511429275391e-06,0.2948379919923414,0.0013860799073727866
0.032079570333359106,8.203129999708258e-07,0.313650224909815,0.0014153627822458901
0.02801255235883334,4.843215380490302e-06,0.2735122219492365,0.0014126925794567251
0.039005065499236366,3.2238588711129236e-06,0.3806044470383239,0.0013917728164322724
0.037215267656687416,1.36457743987047e-06,0.36271710762202836,0.0014954196318352096
