Filo,m,dm,q,dq,
1,2.1835799471E-4,2.4403249662E-6,-1.9220914099E-4,5.5612196683E-6,
2,0.0010382864,1.1609306735E-5,-1.8770356347E-4,5.5157523102E-6
3,0.0030893803,3.4586070154E-5,-1.8735581352E-4,5.5182605352E-6
4,0.0043095466,4.8296313295E-5,-1.8768596963E-4,5.5269772466E-6
