Filo,m,dm,q,dq
1,2.0152582573E-4,2.4555009214E-7,-1.6204284486E-4,5.6293802632E-7
2,9.5872156439E-4,1.1682301293E-6,-1.5807446333E-4,5.5837017349E-7
3,0.0030893803,3.4586070154E-5,-1.8735581352E-4,5.5182605352E-6
4,0.0043095466,4.8296313295E-5,-1.8768596963E-4,5.5269772466E-6
